min_,scale_
-0.0018832659890706492,1.780024564338988e-06
